{
    "aergo":  {
                  "name":  "aergo",
                  "port":  3691,
                  "coins":  1,
                  "fees":  0.5,
                  "hashrate":  910366307,
                  "workers":  41,
                  "estimate_current":  "0.00001427",
                  "estimate_last24h":  "0.00002125",
                  "actual_last24h":  2.6197540983606558E-05,
                  "mbtc_mh_factor":  1,
                  "hashrate_last24h":  917880331.3579
              },
    "allium":  {
                   "name":  "allium",
                   "port":  6433,
                   "coins":  1,
                   "fees":  0.5,
                   "hashrate":  681381928,
                   "workers":  47,
                   "estimate_current":  "0.00003668",
                   "estimate_last24h":  "0.00002963",
                   "actual_last24h":  2.7668032786885244E-05,
                   "mbtc_mh_factor":  1,
                   "hashrate_last24h":  736932236.1368
               },
    "balloon":  {
                    "name":  "balloon",
                    "port":  5100,
                    "coins":  1,
                    "fees":  0.5,
                    "hashrate":  0,
                    "workers":  1,
                    "estimate_current":  "0.00000001",
                    "estimate_last24h":  "0.00000002",
                    "actual_last24h":  1.2295081967213115E-08,
                    "mbtc_mh_factor":  0.001,
                    "hashrate_last24h":  45539.0421
                },
    "bitcore":  {
                    "name":  "bitcore",
                    "port":  3556,
                    "coins":  1,
                    "fees":  0.5,
                    "hashrate":  0,
                    "workers":  2,
                    "estimate_current":  "0.00000456",
                    "estimate_last24h":  "0.00000516",
                    "actual_last24h":  0,
                    "mbtc_mh_factor":  1,
                    "hashrate_last24h":  110980749.3158
                },
    "blake2s":  {
                    "name":  "blake2s",
                    "port":  5766,
                    "coins":  5,
                    "fees":  0.5,
                    "hashrate":  103471374251,
                    "workers":  25,
                    "estimate_current":  "0.00000538",
                    "estimate_last24h":  "0.00000816",
                    "actual_last24h":  0,
                    "mbtc_mh_factor":  1000,
                    "hashrate_last24h":  93489814797.484
                },
    "c11":  {
                "name":  "c11",
                "port":  3573,
                "coins":  8,
                "fees":  0.5,
                "hashrate":  2088896171,
                "workers":  27,
                "estimate_current":  "0.00000407",
                "estimate_last24h":  "0.00000580",
                "actual_last24h":  4.84E-06,
                "mbtc_mh_factor":  1,
                "hashrate_last24h":  9742911573.7053
            },
    "equihash":  {
                     "name":  "equihash",
                     "port":  2142,
                     "coins":  6,
                     "fees":  0.5,
                     "hashrate":  102890,
                     "workers":  38,
                     "estimate_current":  "0.00026608",
                     "estimate_last24h":  "0.00026314",
                     "actual_last24h":  0.00028502,
                     "mbtc_mh_factor":  0.001,
                     "hashrate_last24h":  110513.5263
                 },
    "equihash144":  {
                        "name":  "equihash144",
                        "port":  2146,
                        "coins":  1,
                        "fees":  0.5,
                        "hashrate":  41,
                        "workers":  1,
                        "estimate_current":  "0.00231126",
                        "estimate_last24h":  "0.00281695",
                        "actual_last24h":  0.002109205409836066,
                        "mbtc_mh_factor":  0.001,
                        "hashrate_last24h":  965.7579
                    },
    "equihash192":  {
                        "name":  "equihash192",
                        "port":  2144,
                        "coins":  1,
                        "fees":  0.5,
                        "hashrate":  3479,
                        "workers":  55,
                        "estimate_current":  "0.00949064",
                        "estimate_last24h":  "0.00742389",
                        "actual_last24h":  0.00868008,
                        "mbtc_mh_factor":  0.001,
                        "hashrate_last24h":  1692.6
                    },
    "groestl":  {
                    "name":  "groestl",
                    "port":  5333,
                    "coins":  1,
                    "fees":  0.5,
                    "hashrate":  0,
                    "workers":  0,
                    "estimate_current":  "0.00000023",
                    "estimate_last24h":  "0.00000018",
                    "actual_last24h":  2.3E-07,
                    "mbtc_mh_factor":  1,
                    "hashrate_last24h":  0
                },
    "hmq1725":  {
                    "name":  "hmq1725",
                    "port":  3747,
                    "coins":  3,
                    "fees":  0.5,
                    "hashrate":  136432519,
                    "workers":  12,
                    "estimate_current":  "0.00001195",
                    "estimate_last24h":  "0.00001178",
                    "actual_last24h":  1.1380000000000001E-05,
                    "mbtc_mh_factor":  1,
                    "hashrate_last24h":  37102176.2211
                },
    "hsr":  {
                "name":  "hsr",
                "port":  7433,
                "coins":  1,
                "fees":  0.5,
                "hashrate":  6560419379,
                "workers":  133,
                "estimate_current":  "0.00000860",
                "estimate_last24h":  "0.00001516",
                "actual_last24h":  1.2300983606557376E-05,
                "mbtc_mh_factor":  1,
                "hashrate_last24h":  11343458844.968
            },
    "keccak":  {
                   "name":  "keccak",
                   "port":  5133,
                   "coins":  2,
                   "fees":  0.5,
                   "hashrate":  56430258186,
                   "workers":  44,
                   "estimate_current":  "0.00012283",
                   "estimate_last24h":  "0.00013383",
                   "actual_last24h":  0.00014443,
                   "mbtc_mh_factor":  1000,
                   "hashrate_last24h":  38404716237.579
               },
    "keccakc":  {
                    "name":  "keccakc",
                    "port":  5134,
                    "coins":  1,
                    "fees":  0.5,
                    "hashrate":  32736126198,
                    "workers":  11,
                    "estimate_current":  "0.00007955",
                    "estimate_last24h":  "0.00007159",
                    "actual_last24h":  7.9418032786885245E-05,
                    "mbtc_mh_factor":  1000,
                    "hashrate_last24h":  26456993720.905
                },
    "lyra2v2":  {
                    "name":  "lyra2v2",
                    "port":  4533,
                    "coins":  13,
                    "fees":  0.5,
                    "hashrate":  149654069717,
                    "workers":  230,
                    "estimate_current":  "0.00000284",
                    "estimate_last24h":  "0.00000433",
                    "actual_last24h":  2.96E-06,
                    "mbtc_mh_factor":  1,
                    "hashrate_last24h":  85706708042.421
                },
    "lyra2z":  {
                   "name":  "lyra2z",
                   "port":  4553,
                   "coins":  12,
                   "fees":  0.5,
                   "hashrate":  7079278755,
                   "workers":  664,