{
    "bitcore":  {
                    "name":  "bitcore",
                    "port":  3556,
                    "coins":  1,
                    "fees":  0.25,
                    "hashrate":  65884789,
                    "workers":  2,
                    "estimate_current":  "0.00000660",
                    "estimate_last24h":  "0.00000692",
                    "actual_last24h":  6.98E-06,
                    "mbtc_mh_factor":  1,
                    "hashrate_last24h":  366922032.6042,
                    "estimate_old":  "0.00000560"
                },
    "c11":  {
                "name":  "c11",
                "port":  3573,
                "coins":  5,
                "fees":  0.25,
                "hashrate":  1372454394,
                "workers":  21,
                "estimate_current":  "0.00000745",
                "estimate_last24h":  "0.00000599",
                "actual_last24h":  4.9833333333333336E-06,
                "mbtc_mh_factor":  1,
                "hashrate_last24h":  227236984.3542,
                "estimate_old":  "0.00000685"
            },
    "keccak":  {
                   "name":  "keccak",
                   "port":  5133,
                   "coins":  1,
                   "fees":  0.25,
                   "hashrate":  8083357494,
                   "workers":  11,
                   "estimate_current":  "0.00017739",
                   "estimate_last24h":  "0.00018965",
                   "actual_last24h":  0.00016907999999999997,
                   "mbtc_mh_factor":  1000,
                   "hashrate_last24h":  32776034157.531,
                   "estimate_old":  "0.00016320"
               },
    "lyra2v2":  {
                    "name":  "lyra2v2",
                    "port":  4533,
                    "coins":  13,
                    "fees":  0.25,
                    "hashrate":  62557114812,
                    "workers":  167,
                    "estimate_current":  "0.00000290",
                    "estimate_last24h":  "0.00000444",
                    "actual_last24h":  3.5401666666666666E-06,
                    "mbtc_mh_factor":  1,
                    "hashrate_last24h":  22586713573.229,
                    "estimate_old":  "0.00000247"
                },
    "lyra2z":  {
                   "name":  "lyra2z",
                   "port":  4553,
                   "coins":  11,
                   "fees":  0.25,
                   "hashrate":  2215199285,
                   "workers":  308,
                   "estimate_current":  "0.00009843",
                   "estimate_last24h":  "0.00006537",
                   "actual_last24h":  8.2951333333333347E-05,
                   "mbtc_mh_factor":  1,
                   "hashrate_last24h":  5190334249.125,
                   "estimate_old":  "0.00007497"
               },
    "neoscrypt":  {
                      "name":  "neoscrypt",
                      "port":  4233,
                      "coins":  23,
                      "fees":  0.25,
                      "hashrate":  502367757,
                      "workers":  193,
                      "estimate_current":  "0.00018394",
                      "estimate_last24h":  "0.00013121",
                      "actual_last24h":  0.00013448749999999998,
                      "mbtc_mh_factor":  1,
                      "hashrate_last24h":  640296331.6979,
                      "estimate_old":  "0.00013940"
                  },
    "phi":  {
                "name":  "phi",
                "port":  8334,
                "coins":  2,
                "fees":  0.25,
                "hashrate":  38175044,
                "workers":  1,
                "estimate_current":  "0.00000210",
                "estimate_last24h":  "0.00000535",
                "actual_last24h":  4.5756666666666667E-06,
                "mbtc_mh_factor":  1,
                "hashrate_last24h":  316083632.2604,
                "estimate_old":  "0.00000183"
            },
    "phi2":  {
                 "name":  "phi2",
                 "port":  8332,
                 "coins":  1,
                 "fees":  0.25,
                 "hashrate":  0,
                 "workers":  0,
                 "estimate_current":  "0.00000000",
                 "estimate_last24h":  "0.00000000",
                 "actual_last24h":  0,
                 "mbtc_mh_factor":  1,
                 "hashrate_last24h":  0,
                 "estimate_old":  "0.00000000"
             },
    "quark":  {
                  "name":  "quark",
                  "port":  4033,
                  "coins":  1,
                  "fees":  0.25,
                  "hashrate":  0,
                  "workers":  0,
                  "estimate_current":  "0.00000019",
                  "estimate_last24h":  "0.00000016",
                  "actual_last24h":  1.15E-07,
                  "mbtc_mh_factor":  1,
                  "hashrate_last24h":  0,
                  "estimate_old":  "0.00000017"
              },
    "scrypt":  {
                   "name":  "scrypt",
                   "port":  3433,
                   "coins":  71,
                   "fees":  0.25,
                   "hashrate":  225003407615,
                   "workers":  416,
                   "estimate_current":  "0.00000109",
                   "estimate_last24h":  "0.00000094",
                   "actual_last24h":  1.03E-06,
                   "mbtc_mh_factor":  1,
                   "hashrate_last24h":  215895104646.23,
                   "estimate_old":  "0.00000084"
               },
    "sha256":  {
                   "name":  "sha256",
                   "port":  3333,
                   "coins":  13,
                   "fees":  0.25,
                   "hashrate":  602036565577900,
                   "workers":  62,
                   "estimate_current":  "0.00000005",
                   "estimate_last24h":  "0.00000786",
                   "actual_last24h":  5E-08,
                   "mbtc_mh_factor":  1000,
                   "hashrate_last24h":  641822556312360,
                   "estimate_old":  "0.00000005"
               },
    "skein":  {
                  "name":  "skein",
                  "port":  4933,
                  "coins":  7,
                  "fees":  0.25,
                  "hashrate":  6658554457,
                  "workers":  34,
                  "estimate_current":  "0.00007246",
                  "estimate_last24h":  "0.00000014",
                  "actual_last24h":  0.000132822,
                  "mbtc_mh_factor":  1000,
                  "hashrate_last24h":  3633326095.1042,
                  "estimate_old":  "0.00000007"
              },
    "skunk":  {
                  "name":  "skunk",
                  "port":  8433,
                  "coins":  1,
                  "fees":  0.25,
                  "hashrate":  54183933,
                  "workers":  2,
                  "estimate_current":  "0.00000117",
                  "estimate_last24h":  "0.00000216",
                  "actual_last24h":  1.925E-06,
                  "mbtc_mh_factor":  1,
                  "hashrate_last24h":  623705911.75,
                  "estimate_old":  "0.00000100"
              },
    "tribus":  {
                   "name":  "tribus",
                   "port":  8533,
                   "coins":  3,
                   "fees":  0.25,
                   "hashrate":  152348331,
                   "workers":  2,
                   "estimate_current":  "0.00000193",
                   "estimate_last24h":  "0.00000137",
                   "actual_last24h":  1.4579999999999998E-06,
                   "mbtc_mh_factor":  1,
                   "hashrate_last24h":  1628330144.1563,
                   "estimate_old":  "0.00000152"
               },
    "x11":  {
                "name":  "x11",
                "port":  3533,
                "coins":  29,
                "fees":  0.25,
                "hashrate":  838125989278,
                "workers":  101,
                "estimate_current":  "0.00002961",